{
    "Components": {
        "HierarchyComponent": {
            "children": [],
            "parent": 1
        },
        "ModelVisualComponent": {
            "color": {
                "a": 1.0,
                "b": 0.20000000298023224,
                "g": 1.0,
                "r": 0.20000000298023224
            },
            "isVisible": true,
            "renderPass": 1,
            "resFile": "game/assets/test/cube.obj"
        },
        "PointLightComponent": {
            "ambientColor": {
                "a": 1.0,
                "b": 0.5,
                "g": 0.5,
                "r": 0.5
            },
            "attConst": 0.04500000178813934,
            "attLin": 1.0,
            "attQuad": 0.007499999832361937,
            "diffuseColor": {
                "a": 1.0,
                "b": 1.0,
                "g": 1.0,
                "r": 1.0
            },
            "diffuseIntensity": 1.0,
            "range": 10.0
        },
        "TransformComponent": {
            "position": {
                "x": 0.0,
                "y": 1.7400000095367432,
                "z": 0.0
            },
            "rotation": {
                "w": 0.0,
                "x": 0.0,
                "y": 0.0,
                "z": 0.0
            },
            "scale": {
                "x": 0.10000000149011612,
                "y": 0.10000000149011612,
                "z": 0.10000000149011612
            }
        }
    },
    "Entity": {
        "ID": 4,
        "name": "Cube"
    }
}
