{
    "Components": {
        "HierarchyComponent": {
            "children": [],
            "parent": 1
        },
        "TransformComponent": {
            "position": {
                "x": -0.4300000071525574,
                "y": -0.7300000190734863,
                "z": -2.059999942779541
            },
            "rotation": {
                "w": 1.0,
                "x": 0.0,
                "y": 0.0,
                "z": 0.0
            },
            "scale": {
                "x": 1.2699999809265137,
                "y": 0.6800000071525574,
                "z": 1.0
            }
        },
        "VisualComponent": {
            "color": {
                "a": 1.0,
                "b": 0.20000000298023224,
                "g": 1.0,
                "r": 0.20000000298023224
            },
            "resFile": "game/assets/test/cube.obj"
        }
    },
    "Entity": {
        "ID": 8,
        "name": "Cube"
    }
}
