{
    "Components": {
        "HierarchyComponent": {
            "children": [],
            "parent": 1
        },
        "ScriptComponent": {
            "script": "game/assets/scripts/cube2.lua"
        },
        "TransformComponent": {
            "position": {
                "x": -1.3300000429153442,
                "y": 0.0,
                "z": 1.0299999713897705
            },
            "rotation": {
                "w": 1.0,
                "x": 0.0,
                "y": 0.0,
                "z": 0.0
            },
            "scale": {
                "x": 0.05000000074505806,
                "y": 0.05000000074505806,
                "z": 0.05000000074505806
            }
        },
        "VisualComponent": {
            "color": {
                "a": 1.0,
                "b": 0.20000000298023224,
                "g": 1.0,
                "r": 0.20000000298023224
            },
            "renderPass": 1,
            "resFile": "game/assets/test/teapot.obj"
        }
    },
    "Entity": {
        "ID": 5,
        "name": "Cube"
    }
}
