{
    "Components": {
        "HierarchyComponent": {
            "children": [],
            "parent": 1
        },
        "TransformComponent": {
            "position": {
                "x": 0.0,
                "y": 0.0,
                "z": 0.0
            },
            "rotation": {
                "w": 0.900422990322113,
                "x": -0.27360811829566956,
                "y": -0.3235872983932495,
                "z": -0.09832724183797836
            },
            "scale": {
                "x": 1.0,
                "y": 1.0,
                "z": 1.0
            }
        },
        "VisualComponent": {
            "color": {
                "a": 1.0,
                "b": 0.20000000298023224,
                "g": 1.0,
                "r": 0.20000000298023224
            },
            "isVisible": true,
            "renderPass": 1,
            "resFile": "game/assets/test/cube.obj"
        }
    },
    "Entity": {
        "ID": 2,
        "name": "Cube"
    }
}
