{
    "Components": {
        "HierarchyComponent": {
            "children": [],
            "parent": 1
        },
        "TransformComponent": {
            "position": {
                "x": -0.7900000214576721,
                "y": -2.680000066757202,
                "z": -5.150000095367432
            },
            "rotation": {
                "w": 0.9584623575210571,
                "x": -0.04796309396624565,
                "y": -0.014052014797925949,
                "z": -0.2808060646057129
            },
            "scale": {
                "x": 3.6700000762939453,
                "y": 0.6000000238418579,
                "z": 1.0
            }
        },
        "VisualComponent": {
            "color": {
                "a": 1.0,
                "b": 0.20000000298023224,
                "g": 1.0,
                "r": 0.20000000298023224
            },
            "resFile": "game/assets/test/cube.obj"
        }
    },
    "Entity": {
        "ID": 9,
        "name": "Cube"
    }
}
