{
    "Components": {
        "DirectionalLightComponent": {
            "ambientColor": {
                "a": 1.0,
                "b": 0.9999899864196777,
                "g": 0.9999899864196777,
                "r": 1.0
            },
            "diffuseColor": {
                "a": 1.0,
                "b": 0.14215683937072754,
                "g": 0.14215540885925293,
                "r": 0.14215652644634247
            },
            "diffuseIntensity": 0.3269999921321869,
            "direction": {
                "x": 0.5,
                "y": 0.5,
                "z": 0.5
            }
        },
        "HierarchyComponent": {
            "children": [],
            "parent": 1
        },
        "SpotLightComponent": {
            "ambientColor": {
                "a": 1.0,
                "b": 0.05000000074505806,
                "g": 0.05000000074505806,
                "r": 0.05000000074505806
            },
            "angleRange": 0.9998857975006104,
            "attConst": 1.0,
            "attLin": 0.04500000178813934,
            "attQuad": 0.007499999832361937,
            "diffuseColor": {
                "a": 1.0,
                "b": 1.0,
                "g": 1.0,
                "r": 1.0
            },
            "diffuseIntensity": 1.0,
            "range": 100.0,
            "spot": 4.0
        },
        "TransformComponent": {
            "position": {
                "x": -1.9500000476837158,
                "y": -0.019999999552965164,
                "z": -2.180000066757202
            },
            "rotation": {
                "w": -0.5134526491165161,
                "x": -0.0,
                "y": -0.8581178784370422,
                "z": 0.0
            },
            "scale": {
                "x": 0.10000000149011612,
                "y": 0.10000000149011612,
                "z": 0.10000000149011612
            }
        },
        "VisualComponent": {
            "color": {
                "a": 1.0,
                "b": 0.20000000298023224,
                "g": 1.0,
                "r": 0.20000000298023224
            },
            "isVisible": true,
            "renderPass": 1,
            "resFile": "game/assets/test/cube.obj"
        }
    },
    "Entity": {
        "ID": 3,
        "name": "SpotLightBehindWall"
    }
}
