{
    "Components": {
        "CameraComponent": {
            "aspectRatio": {
                "x": 16.0,
                "y": 9.0
            },
            "far": 100.0,
            "fov": 0.7853981852531433,
            "near": 0.10000000149011612,
            "postProcessing": {
                "bloom": {
                    "base": 1.8300000429153442,
                    "baseSaturation": 0.4099999964237213,
                    "brightness": 1.2699999809265137,
                    "isBloom": true,
                    "saturation": 1.0,
                    "size": 4.610000133514404,
                    "threshold": 0.949999988079071,
                    "value": 1.159999966621399
                },
                "gaussianBlur": {
                    "isGaussianBlur": false,
                    "multiplier": 1.9700000286102295
                },
                "isPostProcessing": true,
                "monochrome": false,
                "sepia": false,
                "toneMap": {
                    "exposure": -2.5,
                    "isToneMap": false,
                    "operator": 1,
                    "transferFunction": 0,
                    "whiteNits": 200.0
                }
            }
        },
        "HierarchyComponent": {
            "children": [],
            "parent": 1
        },
        "ModelComponent": {
            "isVisible": true,
            "materialOverrides": {
                "rootex/assets/materials/default.rmat": "rootex/assets/materials/default.rmat"
            },
            "renderPass": 1,
            "resFile": "game/assets/test/cube.obj"
        },
        "TransformComponent": {
            "boundingBox": {
                "center": {
                    "x": 0.0,
                    "y": 0.0,
                    "z": 0.0
                },
                "extents": {
                    "x": 0.5,
                    "y": 0.5,
                    "z": 0.5
                }
            },
            "position": {
                "x": -25.25899887084961,
                "y": 9.612000465393066,
                "z": -1.2389999628067017
            },
            "rotation": {
                "w": 0.7111997008323669,
                "x": -0.06776797026395798,
                "y": -0.6965609192848206,
                "z": -0.06637302041053772
            },
            "scale": {
                "x": 0.9998838305473328,
                "y": 0.9999638199806213,
                "z": 0.9999525547027588
            }
        }
    },
    "Entity": {
        "ID": 18,
        "name": "Camera"
    }
}
