{
    "Components": {
        "CameraComponent": {
            "aspectRatio": {
                "x": 16.0,
                "y": 9.0
            },
            "far": 100.0,
            "fov": 0.7853981852531433,
            "near": 0.10000000149011612
        },
        "HierarchyComponent": {
            "children": [],
            "parent": 1
        },
        "ModelComponent": {
            "isVisible": true,
            "renderPass": 1,
            "resFile": "game/assets/test/cube.obj"
        },
        "TransformComponent": {
            "boundingBox": {
                "center": {
                    "x": 0.0,
                    "y": 0.0,
                    "z": 0.0
                },
                "extents": {
                    "x": 0.5,
                    "y": 0.5,
                    "z": 0.5
                }
            },
            "position": {
                "x": 6.191141128540039,
                "y": 8.382179260253906,
                "z": -6.359438419342041
            },
            "rotation": {
                "w": -0.5369424223899841,
                "x": 0.06394461542367935,
                "y": 0.8352895975112915,
                "z": 0.09947486221790314
            },
            "scale": {
                "x": 1.0,
                "y": 1.0,
                "z": 1.0
            }
        }
    },
    "Entity": {
        "ID": 18,
        "name": "Camera"
    }
}
