{
    "Components": {
        "CameraComponent": {
            "aspectRatio": {
                "x": 16.0,
                "y": 9.0
            },
            "far": 100.0,
            "fov": 0.7853981852531433,
            "near": 0.10000000149011612,
            "postProcessing": {
                "bloom": {
                    "base": 1.5,
                    "baseSaturation": 1.0,
                    "brightness": 3.609999895095825,
                    "isBloom": false,
                    "saturation": 1.0,
                    "size": 22.059999465942383,
                    "threshold": 0.36000001430511475,
                    "value": 1.190000057220459
                },
                "gaussianBlur": {
                    "isGaussianBlur": false,
                    "multiplier": 1.0199999809265137
                },
                "isPostProcessing": true,
                "monochrome": false,
                "sepia": false,
                "toneMap": {
                    "exposure": 0.0,
                    "isToneMap": false,
                    "operator": 3,
                    "transferFunction": 1,
                    "whiteNits": 200.0
                }
            }
        },
        "HierarchyComponent": {
            "children": [],
            "parent": 1
        },
        "ModelComponent": {
            "affectingStaticLights": [],
            "isVisible": true,
            "materialOverrides": {
                "rootex/assets/materials/default.rmat": "rootex/assets/materials/default.rmat"
            },
            "renderPass": 1,
            "resFile": "game/assets/test/cube.obj"
        },
        "TransformAnimationComponent": {
            "animationMode": 2,
            "isPlayOnStart": true,
            "keyframes": [
                {
                    "timePosition": 0.0,
                    "transform": [
                        0.0007962199160829186,
                        9.592003635816582e-08,
                        0.9999352097511292,
                        0.0,
                        -0.02999415248632431,
                        0.9994820952415466,
                        2.37862241192488e-05,
                        0.0,
                        -0.9994261860847473,
                        -0.029992492869496346,
                        0.0007958024507388473,
                        0.0,
                        -35.87900161743164,
                        3.822000026702881,
                        -1.2389999628067017,
                        1.0
                    ]
                },
                {
                    "timePosition": 3.0,
                    "transform": [
                        -0.3042794466018677,
                        0.0,
                        0.9525104761123657,
                        0.0,
                        0.0,
                        0.999932050704956,
                        0.0,
                        0.0,
                        -0.9524543285369873,
                        0.0,
                        -0.30426153540611267,
                        0.0,
                        -25.43899917602539,
                        3.822000026702881,
                        -6.238999843597412,
                        1.0
                    ]
                },
                {
                    "timePosition": 6.0,
                    "transform": [
                        0.7178584337234497,
                        -3.725018871136854e-08,
                        0.6960844993591309,
                        0.0,
                        -0.1382913440465927,
                        0.9800006151199341,
                        0.14261721074581146,
                        0.0,
                        -0.6821705102920532,
                        -0.1986435502767563,
                        0.7035091519355774,
                        0.0,
                        -18.198999404907227,
                        1.6619999408721924,
                        3.1010000705718994,
                        1.0
                    ]
                },
                {
                    "timePosition": 9.0,
                    "transform": [
                        0.7247899174690247,
                        0.0,
                        0.6888777017593384,
                        0.0,
                        -0.13685837388038635,
                        0.9800006747245789,
                        0.14399300515651703,
                        0.0,
                        -0.6751055121421814,
                        -0.19864481687545776,
                        0.7102997899055481,
                        0.0,
                        -11.359000205993652,
                        3.822000026702881,
                        -5.048999786376953,
                        1.0
                    ]
                },
                {
                    "timePosition": 12.0,
                    "transform": [
                        0.783770740032196,
                        -3.7250482698425458e-09,
                        -0.6209456324577332,
                        0.0,
                        0.12336257845163345,
                        0.9800006151199341,
                        0.1557108461856842,
                        0.0,
                        0.6085323691368103,
                        -0.19864477217197418,
                        0.7681024074554443,
                        0.0,
                        -2.819000005722046,
                        2.322000026702881,
                        -1.2389999628067017,
                        1.0
                    ]
                },
                {
                    "timePosition": 15.0,
                    "transform": [
                        -0.9834824204444885,
                        0.0,
                        0.18058234453201294,
                        0.0,
                        -0.03587649390101433,
                        0.9800006151199341,
                        -0.1953895390033722,
                        0.0,
                        -0.176972433924675,
                        -0.19864268600940704,
                        -0.9638222455978394,
                        0.0,
                        7.011000156402588,
                        1.3819999694824219,
                        0.3310000002384186,
                        1.0
                    ]
                },
                {
                    "timePosition": 18.0,
                    "transform": [
                        -0.989893913269043,
                        1.1081635165055559e-07,
                        0.1411059945821762,
                        0.0,
                        -0.028034275397658348,
                        0.9800006151199341,
                        -0.19666820764541626,
                        0.0,
                        -0.13828526437282562,
                        -0.19863829016685486,
                        -0.9701054692268372,
                        0.0,
                        14.401000022888184,
                        3.6019999980926514,
                        1.8109999895095825,
                        1.0
                    ]
                },
                {
                    "timePosition": 21.0,
                    "transform": [
                        3.576047333808674e-07,
                        0.0,
                        0.9999352693557739,
                        0.0,
                        0.0,
                        0.999932050704956,
                        0.0,
                        0.0,
                        -0.9998761415481567,
                        0.0,
                        3.575835876290512e-07,
                        0.0,
                        24.051000595092773,
                        3.822000026702881,
                        -1.2389999628067017,
                        1.0
                    ]
                },
                {
                    "timePosition": 24.0,