{
    "Components": {
        "CameraComponent": {
            "aspectRatio": {
                "x": 16.0,
                "y": 9.0
            },
            "far": 100.0,
            "fov": 0.7853981852531433,
            "near": 0.10000000149011612,
            "postProcessing": {
                "bloom": {
                    "base": 3.0999999046325684,
                    "baseSaturation": 0.4099999964237213,
                    "brightness": 1.340000033378601,
                    "isBloom": true,
                    "saturation": 1.0,
                    "size": 7.849999904632568,
                    "threshold": 0.3100000023841858,
                    "value": 1.5199999809265137
                },
                "gaussianBlur": {
                    "isGaussianBlur": false,
                    "multiplier": 1.9700000286102295
                },
                "isPostProcessing": true,
                "monochrome": false,
                "sepia": false,
                "toneMap": {
                    "exposure": -6.0,
                    "isToneMap": false,
                    "operator": 1,
                    "transferFunction": 0,
                    "whiteNits": 83.0
                }
            }
        },
        "HierarchyComponent": {
            "children": [],
            "parent": 1
        },
        "ModelComponent": {
            "isVisible": true,
            "materialOverrides": {
                "rootex/assets/materials/default.rmat": "rootex/assets/materials/default.rmat"
            },
            "renderPass": 1,
            "resFile": "game/assets/test/cube.obj"
        },
        "TransformComponent": {
            "boundingBox": {
                "center": {
                    "x": 0.0,
                    "y": 0.0,
                    "z": 0.0
                },
                "extents": {
                    "x": 0.5,
                    "y": 0.5,
                    "z": 0.5
                }
            },
            "position": {
                "x": 8.020999908447266,
                "y": 7.831999778747559,
                "z": -6.508999824523926
            },
            "rotation": {
                "w": -0.5241349339485168,
                "x": 0.06054264307022095,
                "y": 0.8438695073127747,
                "z": 0.0974750742316246
            },
            "scale": {
                "x": 0.9999904632568359,
                "y": 0.9999852776527405,
                "z": 0.999975323677063
            }
        }
    },
    "Entity": {
        "ID": 18,
        "name": "Camera"
    }
}
