{
    "Components": {
        "DirectionalLightComponent": {
            "ambientColor": {
                "a": 1.0,
                "b": 0.9999899864196777,
                "g": 0.9999899864196777,
                "r": 1.0
            },
            "diffuseColor": {
                "a": 1.0,
                "b": 0.6617581248283386,
                "g": 0.6617639064788818,
                "r": 0.6617647409439087
            },
            "diffuseIntensity": 1.0,
            "direction": {
                "x": 0.0,
                "y": -1.0,
                "z": 0.0
            }
        },
        "HierarchyComponent": {
            "children": [],
            "parent": 1
        },
        "ModelComponent": {
            "isVisible": true,
            "renderPass": 1,
            "resFile": "game/assets/test/cube.obj"
        },
        "PointLightComponent": {
            "ambientColor": {
                "a": 1.0,
                "b": 0.5,
                "g": 0.5,
                "r": 0.5
            },
            "attConst": -4.954999923706055,
            "attLin": -1.0,
            "attQuad": 1.0080000162124634,
            "diffuseColor": {
                "a": 1.0,
                "b": 1.0,
                "g": 0.9999899864196777,
                "r": 0.9999994039535522
            },
            "diffuseIntensity": 201.0,
            "range": 355.0
        },
        "TransformComponent": {
            "position": {
                "x": -24.207714080810547,
                "y": 3.8287229537963867,
                "z": -2.222050666809082
            },
            "rotation": {
                "w": 1.0,
                "x": -0.0,
                "y": 0.0,
                "z": -0.0
            },
            "scale": {
                "x": 1.0,
                "y": 1.0,
                "z": 1.0
            }
        }
    },
    "Entity": {
        "ID": 4,
        "name": "Cube"
    }
}
