{
    "Components": {
        "HierarchyComponent": {
            "children": [],
            "parent": 1
        },
        "ModelComponent": {
            "isVisible": true,
            "renderPass": 1,
            "resFile": "game\\assets\\3ds\\Handgun_3ds.3ds"
        },
        "TransformComponent": {
            "position": {
                "x": -5.209585651755333e-09,
                "y": -5.5956288491643136e-09,
                "z": -2.0000085830688477
            },
            "rotation": {
                "w": 0.7120682597160339,
                "x": -0.7020679712295532,
                "y": -0.005409174598753452,
                "z": 0.005486329086124897
            },
            "scale": {
                "x": 1.0000263452529907,
                "y": 1.0000277757644653,
                "z": 1.0000091791152954
            }
        }
    },
    "Entity": {
        "ID": 2,
        "name": "Cube"
    }
}
