{
    "Components": {
        "DirectionalLightComponent": {
            "ambientColor": {
                "a": 1.0,
                "b": 0.9999899864196777,
                "g": 0.9999899864196777,
                "r": 1.0
            },
            "diffuseColor": {
                "a": 1.0,
                "b": 0.9999899864196777,
                "g": 0.9999987483024597,
                "r": 1.0
            },
            "diffuseIntensity": 0.2800000011920929,
            "direction": {
                "x": 0.0,
                "y": -1.0,
                "z": 0.0
            }
        },
        "HierarchyComponent": {
            "children": [],
            "parent": 1
        },
        "ModelComponent": {
            "isVisible": true,
            "renderPass": 1,
            "resFile": "game/assets/test/cube.obj"
        },
        "PointLightComponent": {
            "ambientColor": {
                "a": 1.0,
                "b": 0.9999899864196777,
                "g": 0.9999899864196777,
                "r": 1.0
            },
            "attConst": 1.0449999570846558,
            "attLin": 7.0,
            "attQuad": 1.0080000162124634,
            "diffuseColor": {
                "a": 1.0,
                "b": 0.9999899864196777,
                "g": 1.0,
                "r": 0.9999988079071045
            },
            "diffuseIntensity": 45.0,
            "range": 355.0
        },
        "TransformComponent": {
            "boundingBox": {
                "center": {
                    "x": 0.0,
                    "y": 0.0,
                    "z": 0.0
                },
                "extents": {
                    "x": 0.5,
                    "y": 0.5,
                    "z": 0.5
                }
            },
            "position": {
                "x": -37.60771179199219,
                "y": 4.528722763061523,
                "z": 0.8779494166374207
            },
            "rotation": {
                "w": 1.0,
                "x": -0.0,
                "y": 0.0,
                "z": -0.0
            },
            "scale": {
                "x": 1.0,
                "y": 1.0,
                "z": 1.0
            }
        }
    },
    "Entity": {
        "ID": 4,
        "name": "Light"
    }
}
