{
    "Components": {
        "DirectionalLightComponent": {
            "ambientColor": {
                "a": 1.0,
                "b": 9.999999974752427e-07,
                "g": 9.999931762649794e-07,
                "r": 9.999899930335232e-07
            },
            "diffuseColor": {
                "a": 1.0,
                "b": 0.3011583089828491,
                "g": 0.17098625004291534,
                "r": 0.10813792049884796
            },
            "diffuseIntensity": 2.243000030517578,
            "direction": {
                "x": 0.07999999821186066,
                "y": -0.15000000596046448,
                "z": -0.2199999988079071
            }
        },
        "HierarchyComponent": {
            "children": [],
            "parent": 1
        },
        "ModelComponent": {
            "isVisible": true,
            "materialOverrides": {
                "rootex/assets/materials/default.rmat": "rootex/assets/materials/default.rmat"
            },
            "renderPass": 1,
            "resFile": "game/assets/test/cube.obj"
        },
        "TransformComponent": {
            "boundingBox": {
                "center": {
                    "x": 0.0,
                    "y": 0.0,
                    "z": 0.0
                },
                "extents": {
                    "x": 0.5,
                    "y": 0.5,
                    "z": 0.5
                }
            },
            "position": {
                "x": -1.1077077388763428,
                "y": 67.32872772216797,
                "z": -1.7220566272735596
            },
            "rotation": {
                "w": -0.7071067094802856,
                "x": 0.7071068286895752,
                "y": 0.0,
                "z": 0.0
            },
            "scale": {
                "x": 1.0,
                "y": 0.9846178889274597,
                "z": 0.9846178889274597
            }
        }
    },
    "Entity": {
        "ID": 4,
        "name": "Light"
    }
}
