{
    "Components": {
        "DirectionalLightComponent": {
            "ambientColor": {
                "a": 1.0,
                "b": 0.04747993126511574,
                "g": 0.5886406302452087,
                "r": 0.9459459185600281
            },
            "diffuseColor": {
                "a": 1.0,
                "b": 0.9999899864196777,
                "g": 1.0,
                "r": 0.9999995827674866
            },
            "diffuseIntensity": 0.800000011920929,
            "direction": {
                "x": 0.5,
                "y": 0.5,
                "z": 0.5
            }
        },
        "HierarchyComponent": {
            "children": [],
            "parent": 1
        },
        "ModelComponent": {
            "isVisible": true,
            "renderPass": 1,
            "resFile": "game/assets/test/cube.obj"
        },
        "TransformComponent": {
            "boundingBox": {
                "center": {
                    "x": 0.0,
                    "y": 0.0,
                    "z": 0.0
                },
                "extents": {
                    "x": 0.5,
                    "y": 0.5,
                    "z": 0.5
                }
            },
            "position": {
                "x": -1.1077077388763428,
                "y": 67.32872772216797,
                "z": -1.7220566272735596
            },
            "rotation": {
                "w": -0.7071067094802856,
                "x": 0.7071068286895752,
                "y": 0.0,
                "z": 0.0
            },
            "scale": {
                "x": 1.0,
                "y": 0.9875614047050476,
                "z": 0.9875614047050476
            }
        }
    },
    "Entity": {
        "ID": 4,
        "name": "Light"
    }
}
