{
    "Components": {
        "HierarchyComponent": {
            "children": [],
            "parent": 1
        },
        "ModelComponent": {
            "isVisible": true,
            "renderPass": 1,
            "resFile": "game/assets/test/cube.obj"
        },
        "SpotLightComponent": {
            "ambientColor": {
                "a": 1.0,
                "b": 0.22007501125335693,
                "g": 0.22007501125335693,
                "r": 0.22007721662521362
            },
            "angleRange": 0.5235833525657654,
            "attConst": 71.0,
            "attLin": 0.0,
            "attQuad": 0.0,
            "diffuseColor": {
                "a": 1.0,
                "b": 0.992277979850769,
                "g": 0.3371444642543793,
                "r": 0.0
            },
            "diffuseIntensity": 66.0,
            "range": 1075.0,
            "spot": 4.0
        },
        "TransformComponent": {
            "boundingBox": {
                "center": {
                    "x": 0.0,
                    "y": 0.0,
                    "z": 0.0
                },
                "extents": {
                    "x": 0.5,
                    "y": 0.5,
                    "z": 0.5
                }
            },
            "position": {
                "x": -1.1077077388763428,
                "y": 67.32872772216797,
                "z": -1.7220566272735596
            },
            "rotation": {
                "w": -0.7071067094802856,
                "x": 0.7071068286895752,
                "y": 0.0,
                "z": 0.0
            },
            "scale": {
                "x": 1.0,
                "y": 0.9880061745643616,
                "z": 0.9880061745643616
            }
        }
    },
    "Entity": {
        "ID": 4,
        "name": "Light"
    }
}
