{
    "Components": {
        "DirectionalLightComponent": {
            "ambientColor": {
                "a": 1.0,
                "b": 0.08989132940769196,
                "g": 0.5985580086708069,
                "r": 0.7760617733001709
            },
            "diffuseColor": {
                "a": 1.0,
                "b": 0.7915058135986328,
                "g": 1.0,
                "r": 0.9957457184791565
            },
            "diffuseIntensity": 0.5429999828338623,
            "direction": {
                "x": -24.0,
                "y": -6.0,
                "z": 10.0
            }
        },
        "HierarchyComponent": {
            "children": [],
            "parent": 1
        },
        "ModelComponent": {
            "isVisible": true,
            "materialOverrides": {
                "rootex/assets/materials/default.rmat": "rootex/assets/materials/default.rmat"
            },
            "renderPass": 1,
            "resFile": "game/assets/test/cube.obj"
        },
        "TransformComponent": {
            "boundingBox": {
                "center": {
                    "x": 0.0,
                    "y": 0.0,
                    "z": 0.0
                },
                "extents": {
                    "x": 0.5,
                    "y": 0.5,
                    "z": 0.5
                }
            },
            "position": {
                "x": -1.1077077388763428,
                "y": 67.32872772216797,
                "z": -1.7220566272735596
            },
            "rotation": {
                "w": -0.7071067094802856,
                "x": 0.7071068286895752,
                "y": 0.0,
                "z": 0.0
            },
            "scale": {
                "x": 1.0,
                "y": 0.98542720079422,
                "z": 0.98542720079422
            }
        }
    },
    "Entity": {
        "ID": 4,
        "name": "Light"
    }
}
