{
    "Components": {
        "HierarchyComponent": {
            "children": [],
            "parent": 2
        },
        "ModelComponent": {
            "isVisible": true,
            "materialOverrides": {
                "rootex/assets/materials/default.rmat": "rootex/assets/materials/default.rmat"
            },
            "renderPass": 2,
            "resFile": "game/assets/test/sphere.obj"
        },
        "PointLightComponent": {
            "ambientColor": {
                "a": 1.0,
                "b": 1.0,
                "g": 0.9999998807907104,
                "r": 0.9999899864196777
            },
            "attConst": 35.04499816894531,
            "attLin": 25.0,
            "attQuad": 4.007999897003174,
            "diffuseColor": {
                "a": 1.0,
                "b": 0.9999899864196777,
                "g": 1.0,
                "r": 0.9999992251396179
            },
            "diffuseIntensity": 125.0,
            "range": 33.0
        },
        "TransformComponent": {
            "boundingBox": {
                "center": {
                    "x": 0.0,
                    "y": 0.0,
                    "z": 0.0
                },
                "extents": {
                    "x": 0.5,
                    "y": 0.5,
                    "z": 0.5
                }
            },
            "position": {
                "x": 1186.6070556640625,
                "y": 163.89830017089844,
                "z": -35.47453308105469
            },
            "rotation": {
                "w": -8.094386430457234e-06,
                "x": 1.0,
                "y": 0.0,
                "z": 0.0
            },
            "scale": {
                "x": 0.020000025629997253,
                "y": 0.020147128030657768,
                "z": 0.020146941766142845
            }
        }
    },
    "Entity": {
        "ID": 17,
        "name": "PointLight"
    }
}
