{
    "Components": {
        "HierarchyComponent": {
            "children": [],
            "parent": 2
        },
        "ModelComponent": {
            "isVisible": true,
            "materialOverrides": {
                "rootex/assets/materials/default.rmat": "rootex/assets/materials/default.rmat"
            },
            "renderPass": 2,
            "resFile": "game/assets/test/sphere.obj"
        },
        "PointLightComponent": {
            "ambientColor": {
                "a": 1.0,
                "b": 0.0,
                "g": 0.0,
                "r": 0.7915058135986328
            },
            "attConst": 23.045000076293945,
            "attLin": 25.0,
            "attQuad": 4.007999897003174,
            "diffuseColor": {
                "a": 1.0,
                "b": 0.40154439210891724,
                "g": 1.0,
                "r": 0.9468548893928528
            },
            "diffuseIntensity": 140.0,
            "range": 9.0
        },
        "TransformComponent": {
            "boundingBox": {
                "center": {
                    "x": 0.0,
                    "y": 0.0,
                    "z": 0.0
                },
                "extents": {
                    "x": 0.5,
                    "y": 0.5,
                    "z": 0.5
                }
            },
            "position": {
                "x": -619.121826171875,
                "y": 144.6436004638672,
                "z": -218.77639770507813
            },
            "rotation": {
                "w": -0.7056155800819397,
                "x": 0.7085948586463928,
                "y": 0.0,
                "z": 0.0
            },
            "scale": {
                "x": 0.6666666865348816,
                "y": 0.6670213937759399,
                "z": 0.6670165657997131
            }
        }
    },
    "Entity": {
        "ID": 14,
        "name": "PointLight"
    }
}
