{
    "Components": {
        "HierarchyComponent": {
            "children": [],
            "parent": 1
        },
        "ModelComponent": {
            "affectingStaticLights": [],
            "isVisible": true,
            "materialOverrides": {
                "rootex/assets/materials/default.rmat": "rootex/assets/materials/default.rmat"
            },
            "renderPass": 2,
            "resFile": "game/assets/test/sphere.obj"
        },
        "StaticPointLightComponent": {
            "ambientColor": {
                "a": 1.0,
                "b": 9.999899930335232e-07,
                "g": 9.999899930335232e-07,
                "r": 9.999999974752427e-07
            },
            "attConst": 0.04500000178813934,
            "attLin": 1.0,
            "attQuad": 2.8380000591278076,
            "diffuseColor": {
                "a": 1.0,
                "b": 1.0,
                "g": 0.0,
                "r": 0.8392705917358398
            },
            "diffuseIntensity": 23.899999618530273,
            "range": 5.0
        },
        "TransformComponent": {
            "boundingBox": {
                "center": {
                    "x": 0.0,
                    "y": 0.0,
                    "z": 0.0
                },
                "extents": {
                    "x": 19.737079620361328,
                    "y": 19.737079620361328,
                    "z": 19.737079620361328
                }
            },
            "position": {
                "x": -2.0680365562438965,
                "y": 1.580625295639038,
                "z": -5.295385360717773
            },
            "rotation": {
                "w": 0.7329111695289612,
                "x": -0.03041899763047695,
                "y": -0.6790593266487122,
                "z": -0.028183843940496445
            },
            "scale": {
                "x": 0.020000966265797615,
                "y": 0.020000135526061058,
                "z": 0.019999969750642776
            }
        }
    },
    "Entity": {
        "ID": 90,
        "name": "StaticPointLight"
    }
}
