{
    "Components": {
        "HierarchyComponent": {
            "children": [],
            "parent": 1
        },
        "ModelComponent": {
            "affectingStaticLights": [],
            "isVisible": true,
            "materialOverrides": {
                "rootex/assets/materials/default.rmat": "rootex/assets/materials/default.rmat"
            },
            "renderPass": 2,
            "resFile": "game/assets/test/sphere.obj"
        },
        "StaticPointLightComponent": {
            "ambientColor": {
                "a": 1.0,
                "b": 9.999899930335232e-07,
                "g": 9.999899930335232e-07,
                "r": 9.999999974752427e-07
            },
            "attConst": 0.04500000178813934,
            "attLin": 1.0,
            "attQuad": 3.736999988555908,
            "diffuseColor": {
                "a": 1.0,
                "b": 0.0,
                "g": 1.0,
                "r": 0.9583330154418945
            },
            "diffuseIntensity": 26.5,
            "range": 5.0
        },
        "TransformComponent": {
            "boundingBox": {
                "center": {
                    "x": 0.0,
                    "y": 0.0,
                    "z": 0.0
                },
                "extents": {
                    "x": 19.737079620361328,
                    "y": 19.737079620361328,
                    "z": 19.737079620361328
                }
            },
            "position": {
                "x": -1.663072109222412,
                "y": 1.5958932638168335,
                "z": 2.6345324516296387
            },
            "rotation": {
                "w": -0.7024728655815125,
                "x": 0.011435728520154953,
                "y": 0.7115244269371033,
                "z": 0.011583080515265465
            },
            "scale": {
                "x": 0.020009629428386688,
                "y": 0.020000137388706207,
                "z": 0.020000549033284187
            }
        }
    },
    "Entity": {
        "ID": 89,
        "name": "StaticPointLight"
    }
}
