{
    "Components": {
        "HierarchyComponent": {
            "children": [],
            "parent": 1
        },
        "ModelComponent": {
            "affectingStaticLights": [],
            "isVisible": true,
            "materialOverrides": {
                "rootex/assets/materials/default.rmat": "rootex/assets/materials/default.rmat"
            },
            "renderPass": 2,
            "resFile": "game/assets/test/sphere.obj"
        },
        "StaticPointLightComponent": {
            "ambientColor": {
                "a": 1.0,
                "b": 9.999899930335232e-07,
                "g": 9.999899930335232e-07,
                "r": 9.999999974752427e-07
            },
            "attConst": 0.2849999964237213,
            "attLin": 0.4699999988079071,
            "attQuad": 10.0,
            "diffuseColor": {
                "a": 1.0,
                "b": 0.0,
                "g": 0.7374517321586609,
                "r": 0.039506278932094574
            },
            "diffuseIntensity": 54.79999923706055,
            "range": 5.0
        },
        "TransformComponent": {
            "boundingBox": {
                "center": {
                    "x": 0.0,
                    "y": 0.0,
                    "z": 0.0
                },
                "extents": {
                    "x": 19.737079620361328,
                    "y": 19.737079620361328,
                    "z": 19.737079620361328
                }
            },
            "position": {
                "x": -13.183902740478516,
                "y": 2.565460205078125,
                "z": 2.3835058212280273
            },
            "rotation": {
                "w": 0.720558226108551,
                "x": -0.00853677187114954,
                "y": -0.6932932734489441,
                "z": -0.0082137705758214
            },
            "scale": {
                "x": 0.02000105381011963,
                "y": 0.020000137388706207,
                "z": 0.020000046119093895
            }
        }
    },
    "Entity": {
        "ID": 91,
        "name": "StaticPointLight"
    }
}
