{
    "Components": {
        "HierarchyComponent": {
            "children": [],
            "parent": 1
        },
        "ModelComponent": {
            "affectingStaticLights": [],
            "isVisible": true,
            "materialOverrides": {
                "rootex/assets/materials/default.rmat": "rootex/assets/materials/default.rmat"
            },
            "renderPass": 2,
            "resFile": "game/assets/test/sphere.obj"
        },
        "StaticPointLightComponent": {
            "ambientColor": {
                "a": 1.0,
                "b": 9.999899930335232e-07,
                "g": 9.999899930335232e-07,
                "r": 9.999999974752427e-07
            },
            "attConst": 0.04500000178813934,
            "attLin": 2.450000047683716,
            "attQuad": 5.050000190734863,
            "diffuseColor": {
                "a": 1.0,
                "b": 1.0,
                "g": 1.0,
                "r": 1.0
            },
            "diffuseIntensity": 13.899999618530273,
            "range": 5.0
        },
        "TransformComponent": {
            "boundingBox": {
                "center": {
                    "x": 0.0,
                    "y": 0.0,
                    "z": 0.0
                },
                "extents": {
                    "x": 0.5,
                    "y": 0.5,
                    "z": 0.5
                }
            },
            "position": {
                "x": 8.877861022949219,
                "y": 1.3483006954193115,
                "z": 2.9222614765167236
            },
            "rotation": {
                "w": 1.0,
                "x": -0.0,
                "y": 0.0,
                "z": -0.0
            },
            "scale": {
                "x": 0.020001018419861794,
                "y": 0.020000137388706207,
                "z": 0.019999874755740166
            }
        }
    },
    "Entity": {
        "ID": 87,
        "name": "StaticPointLight"
    }
}
