{
    "Components": {
        "DirectionalLightComponent": {
            "ambientColor": {
                "a": 1.0,
                "b": 0.32438400387763977,
                "g": 0.3281853199005127,
                "r": 0.0
            },
            "diffuseColor": {
                "a": 1.0,
                "b": 0.22779923677444458,
                "g": 0.0253255944699049,
                "r": 0.0
            },
            "diffuseIntensity": -0.30000001192092896
        },
        "HierarchyComponent": {
            "children": [],
            "parent": 1
        },
        "ModelComponent": {
            "affectingStaticLights": [],
            "isVisible": true,
            "materialOverrides": {
                "rootex/assets/materials/default.rmat": "rootex/assets/materials/default.rmat"
            },
            "renderPass": 2,
            "resFile": "game/assets/test/sphere.obj"
        },
        "TransformComponent": {
            "boundingBox": {
                "center": {
                    "x": 0.0,
                    "y": 0.0,
                    "z": 0.0
                },
                "extents": {
                    "x": 0.5,
                    "y": 0.5,
                    "z": 0.5
                }
            },
            "position": {
                "x": 1.2436408996582031,
                "y": 47.56406021118164,
                "z": -1.9509906768798828
            },
            "rotation": {
                "w": -0.2324390858411789,
                "x": 0.28074854612350464,
                "y": 0.8950771689414978,
                "z": 0.2568834722042084
            },
            "scale": {
                "x": 0.019999824464321136,
                "y": 0.020000286400318146,
                "z": 0.019999921321868896
            }
        }
    },
    "Entity": {
        "ID": 98,
        "name": "Sun"
    }
}
