{
    "Components": {
        "DirectionalLightComponent": {
            "ambientColor": {
                "a": 1.0,
                "b": 0.03474903106689453,
                "g": 0.0,
                "r": 0.0002667213266249746
            },
            "diffuseColor": {
                "a": 1.0,
                "b": 0.030888020992279053,
                "g": 0.00977922324091196,
                "r": 0.0
            },
            "diffuseIntensity": 6.599999904632568
        },
        "HierarchyComponent": {
            "children": [],
            "parent": 1
        },
        "ModelComponent": {
            "affectingStaticLights": [],
            "isVisible": true,
            "materialOverrides": {
                "rootex/assets/materials/default.rmat": "rootex/assets/materials/default.rmat"
            },
            "renderPass": 2,
            "resFile": "game/assets/test/sphere.obj"
        },
        "TransformComponent": {
            "boundingBox": {
                "center": {
                    "x": 0.0,
                    "y": 0.0,
                    "z": 0.0
                },
                "extents": {
                    "x": 0.5,
                    "y": 0.5,
                    "z": 0.5
                }
            },
            "position": {
                "x": 1.2436408996582031,
                "y": 47.56406021118164,
                "z": -1.9509906768798828
            },
            "rotation": {
                "w": 1.0,
                "x": -0.0,
                "y": 0.0,
                "z": -0.0
            },
            "scale": {
                "x": 0.01999983936548233,
                "y": 0.020000265911221504,
                "z": 0.01999991573393345
            }
        }
    },
    "Entity": {
        "ID": 98,
        "name": "Sun"
    }
}
