{
    "Components": {
        "HierarchyComponent": {
            "children": [],
            "parent": 1
        },
        "ModelComponent": {
            "isVisible": true,
            "material": "green.rmat",
            "renderPass": 1,
            "resFile": "game/assets/test/cube.obj"
        },
        "PointLightComponent": {
            "ambientColor": {
                "a": 1.0,
                "b": 0.5,
                "g": 0.5,
                "r": 0.5
            },
            "attConst": 0.04500000178813934,
            "attLin": 1.0,
            "attQuad": 0.007499999832361937,
            "diffuseColor": {
                "a": 1.0,
                "b": 1.0,
                "g": 1.0,
                "r": 1.0
            },
            "diffuseIntensity": 1.0,
            "range": 10.0
        },
        "TransformComponent": {
            "position": {
                "x": -0.2278963029384613,
                "y": 2.0583951473236084,
                "z": -0.20859718322753906
            },
            "rotation": {
                "w": 0.9676323533058167,
                "x": -0.2522372305393219,
                "y": 0.007741820067167282,
                "z": 0.002017945982515812
            },
            "scale": {
                "x": 0.9999553561210632,
                "y": 0.9999998211860657,
                "z": 0.9999998211860657
            }
        }
    },
    "Entity": {
        "ID": 8,
        "name": "Cube"
    }
}
