{
    "Components": {
        "HierarchyComponent": {
            "children": [],
            "parent": 1
        },
        "TransformComponent": {
            "position": {
                "x": 0.3100000023841858,
                "y": 0.25999999046325684,
                "z": -2.630000114440918
            },
            "rotation": {
                "w": 1.0,
                "x": 0.0,
                "y": 0.0,
                "z": 0.0
            },
            "scale": {
                "x": 1.0,
                "y": 1.4299999475479126,
                "z": 1.0
            }
        },
        "VisualComponent": {
            "color": {
                "a": 1.0,
                "b": 0.20000000298023224,
                "g": 1.0,
                "r": 0.20000000298023224
            },
            "resFile": "game/assets/test/cube.obj"
        }
    },
    "Entity": {
        "ID": 7,
        "name": "Cube"
    }
}
