{
    "Components": {
        "BoxColliderComponent": {
            "dimensions": {
                "x": 8.279999732971191,
                "y": 0.5,
                "z": 2.759999990463257
            },
            "gravity": {
                "x": 0.0,
                "y": 0.0,
                "z": 0.0
            },
            "isGeneratesHitEvents": false,
            "isMoveable": false,
            "matName": "Air"
        },
        "HierarchyComponent": {
            "children": [],
            "parent": 1
        },
        "ModelComponent": {
            "isVisible": true,
            "renderPass": 1,
            "resFile": "game/assets/test/cube.obj"
        },
        "TransformComponent": {
            "boundingBox": {
                "center": {
                    "x": 0.0,
                    "y": 0.0,
                    "z": 0.0
                },
                "extents": {
                    "x": 0.5,
                    "y": 0.5,
                    "z": 0.5
                }
            },
            "position": {
                "x": 0.023620596155524254,
                "y": -0.5314843654632568,
                "z": 0.19676077365875244
            },
            "rotation": {
                "w": 0.9999998807907104,
                "x": -0.0,
                "y": 0.0005294470465742052,
                "z": -0.0
            },
            "scale": {
                "x": 16.559999465942383,
                "y": 1.0,
                "z": 5.500002384185791
            }
        }
    },
    "Entity": {
        "ID": 3,
        "name": "Cube"
    }
}
