{
    "Components": {
        "DirectionalLightComponent": {
            "ambientColor": {
                "a": 1.0,
                "b": 0.05000000074505806,
                "g": 0.05000000074505806,
                "r": 0.05000000074505806
            },
            "diffuseColor": {
                "a": 1.0,
                "b": 0.21235519647598267,
                "g": 0.21235306560993195,
                "r": 0.21235482394695282
            },
            "diffuseIntensity": 0.800000011920929,
            "direction": {
                "x": 58.5,
                "y": -7.5,
                "z": 14.5
            }
        },
        "HierarchyComponent": {
            "children": [],
            "parent": 1
        },
        "ModelComponent": {
            "isVisible": true,
            "renderPass": 1,
            "resFile": "game/assets/test/cube.obj"
        },
        "SkyComponent": {
            "skyMaterial": "rootex/assets/materials/sky.rmat",
            "skySphere": "rootex/assets/sky.obj"
        },
        "TransformComponent": {
            "boundingBox": {
                "center": {
                    "x": 0.0,
                    "y": 0.0,
                    "z": 0.0
                },
                "extents": {
                    "x": 0.5,
                    "y": 0.5,
                    "z": 0.5
                }
            },
            "position": {
                "x": -8.016663551330566,
                "y": 3.079847812652588,
                "z": 12.725724220275879
            },
            "rotation": {
                "w": 0.9790393710136414,
                "x": -0.19196176528930664,
                "y": -0.06679137051105499,
                "z": -0.013095889240503311
            },
            "scale": {
                "x": 1.0,
                "y": 0.9999995827674866,
                "z": 1.0
            }
        }
    },
    "Entity": {
        "ID": 5,
        "name": "Cube"
    }
}
