{
    "Components": {
        "DiffuseVisualComponent": {
            "resFile": "rootex/assets/cube.obj",
            "texturePath": "rootex/assets/rootex.png"
        },
        "HierarchyComponent": {
            "children": null,
            "parent": {
                "ID": 1,
                "name": "Root"
            }
        },
        "PointLightComponent": {
            "ambientColor": {
                "a": 1.0,
                "b": 0.5,
                "g": 0.5,
                "r": 0.5
            },
            "attConst": 0.04500000178813934,
            "attLin": 1.0,
            "attQuad": 0.007499999832361937,
            "diffuseColor": {
                "a": 1.0,
                "b": 1.0,
                "g": 1.0,
                "r": 1.0
            },
            "diffuseIntensity": 1.0,
            "range": 10.0
        },
        "SphereComponent": {
            "matName": "Air",
            "radius": 1.0
        },
        "SpotLightComponent": {
            "ambientColor": {
                "a": 1.0,
                "b": 0.05000000074505806,
                "g": 0.05000000074505806,
                "r": 0.05000000074505806
            },
            "angleRange": 0.866033136844635,
            "attConst": 1.0,
            "attLin": 0.04500000178813934,
            "attQuad": 0.007499999832361937,
            "diffuseColor": {
                "a": 1.0,
                "b": 1.0,
                "g": 1.0,
                "r": 1.0
            },
            "diffuseIntensity": 1.0,
            "range": 100.0,
            "spot": 4.0
        },
        "TransformComponent": {
            "position": {
                "x": -0.8700000047683716,
                "y": -0.6399999856948853,
                "z": 0.0
            },
            "rotation": {
                "w": -0.1297265589237213,
                "x": 0.846994936466217,
                "y": -0.04927534610033035,
                "z": 0.5131689310073853
            },
            "scale": {
                "x": 1.0,
                "y": 1.0,
                "z": 1.0
            }
        }
    },
    "Entity": {
        "ID": 2,
        "name": "Cube"
    }
}
