{
    "Components": {
        "CPUParticlesComponent": {
            "angularVelocityVariation": 0.0,
            "colorBegin": {
                "a": 1.0,
                "b": 0.27777501940727234,
                "g": 0.27777501940727234,
                "r": 0.2777777910232544
            },
            "colorEnd": {
                "a": 1.0,
                "b": 1.0,
                "g": 0.9999899864196777,
                "r": 0.9999899864196777
            },
            "emitMode": 1,
            "emitterDimensions": {
                "x": 1.0,
                "y": 1.0,
                "z": 1.0
            },
            "isVisible": true,
            "lifeTime": 2.2300000190734863,
            "materialPath": "rootex/assets/materials/default_particles.rmat",
            "poolSize": 1000,
            "renderPass": 1,
            "resFile": "rootex/assets/cube.obj",
            "sizeBegin": 0.15000000596046448,
            "sizeEnd": 0.0,
            "sizeVariation": 0.0,
            "velocity": {
                "x": 0.0,
                "y": -1.0,
                "z": 0.0
            },
            "velocityVariation": 0.0
        },
        "HierarchyComponent": {
            "children": [],
            "parent": 22
        },
        "TransformComponent": {
            "boundingBox": {
                "center": {
                    "x": 0.0,
                    "y": 0.0,
                    "z": 0.0
                },
                "extents": {
                    "x": 0.5,
                    "y": 0.5,
                    "z": 0.5
                }
            },
            "position": {
                "x": -0.43063437938690186,
                "y": 0.4999980628490448,
                "z": -0.4988288879394531
            },
            "rotation": {
                "w": 0.7072787284851074,
                "x": 0.00034521642373874784,
                "y": -0.00034506709198467433,
                "z": -0.7069346308708191
            },
            "scale": {
                "x": 0.9999364614486694,
                "y": 0.9999359846115112,
                "z": 0.9999996423721313
            }
        }
    },
    "Entity": {
        "ID": 47,
        "name": "Particles"
    }
}
