{
    "Components": {
        "CPUParticlesComponent": {
            "affectingStaticLights": [],
            "emitMode": 1,
            "emitterDimensions": {
                "x": 1.0,
                "y": 1.0,
                "z": 1.0
            },
            "isVisible": true,
            "materialOverrides": {
                "rootex/assets/materials/default.rmat": "rootex/assets/materials/default.rmat"
            },
            "materialPath": "rootex/assets/materials/default_particles.rmat",
            "particleTemplate": {
                "angularVelocityVariation": 0.5,
                "colorBegin": {
                    "a": 1.0,
                    "b": 0.6313725709915161,
                    "g": 1.9607843160629272,
                    "r": 1.9607843160629272
                },
                "colorEnd": {
                    "a": 1.0,
                    "b": 0.0,
                    "g": 1.9607843160629272,
                    "r": 1.9607843160629272
                },
                "lifeTime": 1.0,
                "sizeBegin": 0.10000000149011612,
                "sizeEnd": 0.10000000149011612,
                "sizeVariation": 0.10000000149011612,
                "velocity": {
                    "x": 0.0,
                    "y": 1.0,
                    "z": 0.0
                },
                "velocityVariation": 1.0
            },
            "poolSize": 1000,
            "renderPass": 4,
            "resFile": "rootex/assets/cube.obj"
        },
        "HierarchyComponent": {
            "children": [],
            "parent": 22
        },
        "TransformComponent": {
            "boundingBox": {
                "center": {
                    "x": 0.5,
                    "y": 0.0,
                    "z": 0.5
                },
                "extents": {
                    "x": 0.5,
                    "y": 0.05000000074505806,
                    "z": 0.5
                }
            },
            "position": {
                "x": -0.5000002384185791,
                "y": -0.4999997317790985,
                "z": -0.5
            },
            "rotation": {
                "w": 0.7071069478988647,
                "x": -0.0,
                "y": 0.0,
                "z": 0.7071065902709961
            },
            "scale": {
                "x": 0.9977284073829651,
                "y": 0.9977350234985352,
                "z": 0.9999819397926331
            }
        }
    },
    "Entity": {
        "ID": 47,
        "name": "Particles"
    }
}
