{
    "Components": {
        "HierarchyComponent": {
            "children": null,
            "parent": {
                "ID": 1
            }
        },
        "TransformComponent": {
            "position": {
                "x": 0.1599999964237213,
                "y": 0.0,
                "z": 0.0
            },
            "rotation": {
                "w": 1.0,
                "x": 0.0,
                "y": 0.0,
                "z": 0.0
            },
            "scale": {
                "x": 2.2799999713897705,
                "y": 1.7799999713897705,
                "z": 1.7899999618530273
            }
        },
        "VisualComponent": {
            "color": {
                "a": 1.0,
                "b": 0.20000000298023224,
                "g": 1.0,
                "r": 0.20000000298023224
            },
            "resFile": "game/assets/test/cube.obj"
        }
    },
    "Entity": {
        "ID": 2,
        "name": "Cube"
    }
}
