{
    "Components": {
        "HierarchyComponent": {
            "children": [],
            "parent": 1
        },
        "ModelComponent": {
            "isVisible": true,
            "renderPass": 1,
            "resFile": "game/assets/test/sphere.obj"
        },
        "PointLightComponent": {
            "ambientColor": {
                "a": 1.0,
                "b": 0.5,
                "g": 0.5,
                "r": 0.5
            },
            "attConst": 3.0450000762939453,
            "attLin": -8.0,
            "attQuad": 6.006999969482422,
            "diffuseColor": {
                "a": 1.0,
                "b": 0.8115870356559753,
                "g": 0.8578431606292725,
                "r": 0.07148691266775131
            },
            "diffuseIntensity": 33.0,
            "range": 35.0
        },
        "ScriptComponent": {
            "scripts": [
                "game/assets/scripts/ball.lua"
            ]
        },
        "SphereColliderComponent": {
            "gravity": {
                "x": 0.0,
                "y": -9.800000190734863,
                "z": 0.0
            },
            "isGeneratesHitEvents": false,
            "isMoveable": true,
            "matName": "Air",
            "radius": 0.4000000059604645
        },
        "TransformComponent": {
            "boundingBox": {
                "center": {
                    "x": 0.0,
                    "y": 0.0,
                    "z": 0.0
                },
                "extents": {
                    "x": 20.0,
                    "y": 20.0,
                    "z": 20.0
                }
            },
            "position": {
                "x": 0.0,
                "y": 1.4000000953674316,
                "z": 0.0
            },
            "rotation": {
                "w": -0.0,
                "x": 0.7072793841362,
                "y": 0.0,
                "z": -0.7069341540336609
            },
            "scale": {
                "x": 0.019999999552965164,
                "y": 0.019999999552965164,
                "z": 0.019999999552965164
            }
        }
    },
    "Entity": {
        "ID": 8,
        "name": "Ball"
    }
}
