{
    "Components": {
        "HierarchyComponent": {
            "children": [],
            "parent": 1
        },
        "ModelComponent": {
            "affectingStaticLights": [],
            "isVisible": true,
            "materialOverrides": {
                "rootex/assets/materials/default.rmat": "rootex/assets/materials/default.rmat"
            },
            "renderPass": 1,
            "resFile": "game/assets/test/cube.obj"
        },
        "StaticPointLightComponent": {
            "ambientColor": {
                "a": 1.0,
                "b": 0.9999899864196777,
                "g": 0.9999899864196777,
                "r": 1.0
            },
            "attConst": 0.20499999821186066,
            "attLin": 1.809999942779541,
            "attQuad": 0.10700000077486038,
            "diffuseColor": {
                "a": 1.0,
                "b": 0.07681132107973099,
                "g": 0.7837837934494019,
                "r": 0.04841906204819679
            },
            "diffuseIntensity": 12.0,
            "range": 14.199999809265137
        },
        "TransformComponent": {
            "boundingBox": {
                "center": {
                    "x": 0.0,
                    "y": 0.0,
                    "z": 0.0
                },
                "extents": {
                    "x": 0.5,
                    "y": 0.5,
                    "z": 0.5
                }
            },
            "position": {
                "x": 0.08368448913097382,
                "y": 6.820920944213867,
                "z": -0.0031669854652136564
            },
            "rotation": {
                "w": 0.7071069478988647,
                "x": -0.7071066498756409,
                "y": 0.0,
                "z": -0.0
            },
            "scale": {
                "x": 1.0,
                "y": 0.9999997019767761,
                "z": 0.9999997019767761
            }
        }
    },
    "Entity": {
        "ID": 3,
        "name": "Light"
    }
}
