{
    "Components": {
        "DirectionalLightComponent": {
            "ambientColor": {
                "a": 1.0,
                "b": 0.05000000074505806,
                "g": 0.05000000074505806,
                "r": 0.05000000074505806
            },
            "diffuseColor": {
                "a": 1.0,
                "b": 0.1602381318807602,
                "g": 0.23039215803146362,
                "r": 0.01355249248445034
            },
            "diffuseIntensity": 0.503000020980835,
            "direction": {
                "x": 0.0,
                "y": -1.0,
                "z": 0.0
            }
        },
        "HierarchyComponent": {
            "children": [],
            "parent": 1
        },
        "TransformComponent": {
            "boundingBox": {
                "center": {
                    "x": 0.0,
                    "y": 0.0,
                    "z": 0.0
                },
                "extents": {
                    "x": 0.5,
                    "y": 0.5,
                    "z": 0.5
                }
            },
            "position": {
                "x": 0.0,
                "y": 0.0,
                "z": 0.0
            },
            "rotation": {
                "w": 1.0,
                "x": -0.0,
                "y": 0.0,
                "z": -0.0
            },
            "scale": {
                "x": 1.0,
                "y": 1.0,
                "z": 1.0
            }
        }
    },
    "Entity": {
        "ID": 14,
        "name": "DirectionalLight"
    }
}
