{
    "Components": {
        "HierarchyComponent": {
            "children": [],
            "parent": 1
        },
        "ModelComponent": {
            "isVisible": true,
            "materialOverrides": {
                "rootex/assets/materials/default.rmat": "rootex/assets/materials/default.rmat"
            },
            "renderPass": 2,
            "resFile": "game/assets/test/sphere.obj"
        },
        "StaticPointLightComponent": {
            "ambientColor": {
                "a": 1.0,
                "b": 0.5,
                "g": 0.5,
                "r": 0.5
            },
            "attConst": 0.04500000178813934,
            "attLin": 1.0,
            "attQuad": 0.007499999832361937,
            "diffuseColor": {
                "a": 1.0,
                "b": 0.9886364936828613,
                "g": 0.0,
                "r": 1.0
            },
            "diffuseIntensity": 50.0,
            "range": 300.0
        },
        "TransformComponent": {
            "boundingBox": {
                "center": {
                    "x": 0.0,
                    "y": 0.0,
                    "z": 0.0
                },
                "extents": {
                    "x": 0.5,
                    "y": 0.5,
                    "z": 0.5
                }
            },
            "position": {
                "x": -10.105488777160645,
                "y": 7.125460147857666,
                "z": -2.714876651763916
            },
            "rotation": {
                "w": 0.8333309888839722,
                "x": -0.2688138782978058,
                "y": -0.45968517661094666,
                "z": -0.1482841521501541
            },
            "scale": {
                "x": 0.020001014694571495,
                "y": 0.020000139251351357,
                "z": 0.01999998651444912
            }
        }
    },
    "Entity": {
        "ID": 20,
        "name": "StaticPointLight"
    }
}
