{
    "Components": {
        "HierarchyComponent": {
            "children": [],
            "parent": 1
        },
        "ModelComponent": {
            "isVisible": true,
            "materialOverrides": {
                "rootex/assets/materials/default.rmat": "rootex/assets/materials/default.rmat"
            },
            "renderPass": 2,
            "resFile": "game/assets/test/sphere.obj"
        },
        "StaticPointLightComponent": {
            "ambientColor": {
                "a": 1.0,
                "b": 0.5,
                "g": 0.5,
                "r": 0.5
            },
            "attConst": 0.04500000178813934,
            "attLin": 1.0,
            "attQuad": 0.007499999832361937,
            "diffuseColor": {
                "a": 1.0,
                "b": 0.0,
                "g": 0.0,
                "r": 1.0
            },
            "diffuseIntensity": 9.399999618530273,
            "range": 10.0
        },
        "TransformComponent": {
            "boundingBox": {
                "center": {
                    "x": 0.0,
                    "y": 0.0,
                    "z": 0.0
                },
                "extents": {
                    "x": 0.5,
                    "y": 0.5,
                    "z": 0.5
                }
            },
            "position": {
                "x": 2.9970641136169434,
                "y": 0.564012348651886,
                "z": -11.380095481872559
            },
            "rotation": {
                "w": 0.41139450669288635,
                "x": -0.04644576460123062,
                "y": 0.904526948928833,
                "z": 0.10211962461471558
            },
            "scale": {
                "x": 0.02000100538134575,
                "y": 0.020000137388706207,
                "z": 0.019999977201223373
            }
        }
    },
    "Entity": {
        "ID": 16,
        "name": "StaticPointLight"
    }
}
