{
    "Components": {
        "HierarchyComponent": {
            "children": [],
            "parent": 1
        },
        "ModelComponent": {
            "isVisible": true,
            "materialOverrides": {
                "rootex/assets/materials/default.rmat": "rootex/assets/materials/default.rmat"
            },
            "renderPass": 2,
            "resFile": "game/assets/test/sphere.obj"
        },
        "StaticPointLightComponent": {
            "ambientColor": {
                "a": 1.0,
                "b": 0.5,
                "g": 0.5,
                "r": 0.5
            },
            "attConst": 0.04500000178813934,
            "attLin": 1.0,
            "attQuad": 0.007499999832361937,
            "diffuseColor": {
                "a": 1.0,
                "b": 0.0,
                "g": 1.0,
                "r": 0.9583331346511841
            },
            "diffuseIntensity": 2.0,
            "range": 10.0
        },
        "TransformComponent": {
            "boundingBox": {
                "center": {
                    "x": 0.0,
                    "y": 0.0,
                    "z": 0.0
                },
                "extents": {
                    "x": 0.5,
                    "y": 0.5,
                    "z": 0.5
                }
            },
            "position": {
                "x": -0.4420926570892334,
                "y": 1.2851659059524536,
                "z": -12.780314445495605
            },
            "rotation": {
                "w": 0.10106382519006729,
                "x": -0.019989730790257454,
                "y": 0.9757750630378723,
                "z": 0.193001389503479
            },
            "scale": {
                "x": 0.02000104822218418,
                "y": 0.020000139251351357,
                "z": 0.02000000886619091
            }
        }
    },
    "Entity": {
        "ID": 17,
        "name": "StaticPointLight"
    }
}
